algo	start_pos	guide_sequence	fitness	perc_highly_active	shannon_entropy
evolutionary	155	TTGCTAACCCCAGTGAGCCCTGGGTCAC	-1.08152437210083	1.0	0.0
evolutionary	155	TTGCTAACCCCAGTGAGCCCTGGGTCAC	-1.0815246105194092	1.0	0.0
evolutionary	155	CTGCTAACCCCAGTGAGCCCTGGGTCAC	-1.1052916049957275	1.0	0.0
evolutionary	155	GTGCTAACCCCAGTGAGCCCTGGGTCAC	-1.1162967681884766	1.0	0.0
evolutionary	155	GCGCTAACCCCAGTGAGCCCTGGGTCAC	-1.1190462112426758	1.0	0.0
evolutionary	155	ATGCTAACCCCAGTGAGCCCTGGGTCAC	-1.1285419464111328	1.0	0.0
evolutionary	155	ATGCTAACCCCAGTGAGCCCTGGGTCAC	-1.128542184829712	1.0	0.0
evolutionary	155	GTGCTAACCCCAGTGAGCCCTGGGTCGC	-1.1774640083312988	1.0	0.0
evolutionary	155	GTGCTAACCCGAGTGAGCCCTGGGTCAC	-1.3702881336212158	1.0	0.0
evolutionary	155	GTGCAAACCCCAGTGAGCCCTGGGTCAC	-1.471900224685669	0.0	0.0
evolutionary	155	GTGCTAACCCCAGTGAGCCCTGGGCCAC	-1.4840211868286133	0.0	0.0
